"Hash","LongName","CC","CCL","CCO","CI","CLC","CLLC","LDC","LLDC","HCPL","HDIF","HEFF","HNDB","HPL","HPV","HTRP","HVOL","MI","MIMS","MISEI","MISM","McCC","NL","NLE","NII","NOI","CD","CLOC","DLOC","TCD","TCLOC","LLOC","LOC","NOS","NUMPAR","TLLOC","TLOC","TNOS","WarningBlocker","WarningCritical","WarningInfo","WarningMajor","WarningMinor","Android Rules","Basic Rules","Brace Rules","Clone Implementation Rules","Code Size Rules","Comment Rules","Controversial Rules","Coupling Rules","Design Rules","Empty Code Rules","Finalizer Rules","Import Statement Rules","J2EE Rules","JUnit Rules","Jakarta Commons Logging Rules","Java Logging Rules","JavaBean Rules","MigratingToJUnit4 Rules","Migration Rules","Migration13 Rules","Migration14 Rules","Migration15 Rules","Naming Rules","Optimization Rules","Security Code Guideline Rules","Strict Exception Rules","String and StringBuffer Rules","Type Resolution Rules","Unnecessary and Unused Code Rules","Vulnerability Rules","Number of Bugs"
"00a1a4e44d41db0509178e7acb449101cb47231f","gov.nasa.arc.mct.fastplot.scatter.ScatterPlotDataSeries.getPairs(Ljava/util/SortedMap;Ljava/util/SortedMap;[Ljava/lang/Long;)[[D","0","0","0","0","0","0","0","0","118.764","21.5909","8475.54","415.698","80","30","470.863","392.551","100.636","58.8516","69.6902","40.7545","2","1","1","1","0","0","0","0","0","0","11","12","8","3","11","12","8","0","0","0","0","1","0","0","0","0","0","0","0","0","1","0","0","0","0","0","0","0","0","0","0","0","0","0","0","0","0","0","0","0","0","0","0"
"00a1a4e44d41db0509178e7acb449101cb47231f","gov.nasa.arc.mct.fastplot.scatter.ScatterPlotDataSeries.clearBefore(J)V","0","0","0","0","0","0","0","0","119.552","26.8333","6648.15","353.563","51","29","369.341","247.757","110.122","64.3986","83.4764","48.8166","3","1","1","1","1","0","0","0","0","0","7","7","4","1","7","7","4","0","0","0","0","0","0","0","0","0","0","0","0","0","0","0","0","0","0","0","0","0","0","0","0","0","0","0","0","0","0","0","0","0","0","0","0"
"00a1a4e44d41db0509178e7acb449101cb47231f","gov.nasa.arc.mct.fastplot.scatter.ScatterPlotDataSeries.clearAfter(J)V","0","0","0","0","0","0","0","0","123.693","24.6429","6408.75","345.024","53","30","356.042","260.065","109.869","64.2511","83.1127","48.6039","3","1","1","1","1","0","0","0","0","0","7","7","4","1","7","7","4","0","0","0","0","0","0","0","0","0","0","0","0","0","0","0","0","0","0","0","0","0","0","0","0","0","0","0","0","0","0","0","0","0","0","0","0"
"00a1a4e44d41db0509178e7acb449101cb47231f","gov.nasa.arc.mct.fastplot.view.PlotViewFactory.adjustPlotStartAndEndTimeToMatchCurrentTime(Lgov/nasa/arc/mct/fastplot/settings/PlotConfiguration;J)V","0","0","0","0","0","0","0","0","125.549","44","18135.9","690.281","84","30","1007.55","412.179","95.5557","55.8805","82.2387","48.0928","6","3","2","1","6","0.0666667","1","0","0.0666667","1","14","15","8","2","14","15","8","0","0","0","0","1","0","1","0","0","0","0","0","0","0","0","0","0","0","0","0","0","0","0","0","0","0","0","0","0","0","0","0","0","0","0","0"
"81e9ca1d0352cf661e95af40cddedb3998c045b8","gov.nasa.arc.mct.canvas.view.PanelInspector.getHousedViewManifestation()Lgov/nasa/arc/mct/gui/View;","0","0","0","0","0","0","0","0","13.6096","2.5","49.1287","13.414","7","7","2.72937","19.6515","132.826","77.6758","116.028","67.8525","1","0","0","0","0","0","0","0","0","0","4","4","1","0","4","4","1","0","0","0","0","0","0","0","0","0","0","0","0","0","0","0","0","0","0","0","0","0","0","0","0","0","0","0","0","0","0","0","0","0","0","0","0"
"00a1a4e44d41db0509178e7acb449101cb47231f","gov.nasa.arc.mct.fastplot.scatter.ScatterPlotDataSeries.getMatchingTimestamps(Ljava/util/SortedMap;Ljava/util/SortedMap;)[Ljava/lang/Long;","0","0","0","0","0","0","0","0","147.061","30.6667","16359","644.423","104","35","908.833","533.445","99.4355","58.1494","68.4669","40.0391","7","2","2","1","0","0","0","0","0","0","10","10","12","2","10","10","12","0","0","0","0","6","0","0","6","0","0","0","0","0","0","0","0","0","0","0","0","0","0","0","0","0","0","0","0","0","0","0","0","0","0","0","0"
"c51c585e19c0ee09920cb84aebf4039dd9691380","gov.nasa.arc.mct.fastplot.scatter.ScatterPlotDataSeries.updatePlotLine()V","0","0","0","0","0","0","0","0","148.093","22.9091","8108","403.592","69","35","450.444","353.921","99.5353","58.2078","68.2037","39.8852","3","2","2","1","2","0","0","0","0","0","12","12","8","0","12","12","8","0","0","0","0","0","0","0","0","0","0","0","0","0","0","0","0","0","0","0","0","0","0","0","0","0","0","0","0","0","0","0","0","0","0","0","0"
"00a1a4e44d41db0509178e7acb449101cb47231f","gov.nasa.arc.mct.fastplot.scatter.ScatterPlotDataManager.enforceTimeAxisBounds(JJ)V","0","0","0","0","0","0","0","0","154.15","27.2727","13112.8","556.071","93","36","728.49","480.803","92.5917","54.1472","58.4916","34.2056","6","2","2","1","2","0","0","0","0","0","16","16","9","2","16","16","9","0","0","0","0","0","0","0","0","0","0","0","0","0","0","0","0","0","0","0","0","0","0","0","0","0","0","0","0","0","0","0","0","0","0","0","0"
"c51c585e19c0ee09920cb84aebf4039dd9691380","gov.nasa.arc.mct.fastplot.settings.controls.PlotSettingsComboBox.<init>([Ljava/lang/Object;)V","0","0","0","0","0","0","0","0","156.911","28.5","11787.4","517.94","80","36","654.857","413.594","100.135","58.5583","69.0684","40.3909","3","1","1","0","2","0","0","0","0","0","11","11","9","1","11","11","9","0","0","0","0","2","0","0","2","0","0","0","0","0","0","0","0","0","0","0","0","0","0","0","0","0","0","0","0","0","0","0","0","0","0","0","0"
"c51c585e19c0ee09920cb84aebf4039dd9691380","gov.nasa.arc.mct.fastplot.scatter.ScatterPlotDataManager.addData(Ljava/lang/String;Ljava/util/SortedMap;)V","0","0","0","0","0","0","0","0","158.606","29.75","11689.2","515.059","76","36","649.4","392.914","97.4651","56.9972","65.3189","38.1982","4","2","2","1","4","0","0","0","0","0","13","14","7","2","13","14","7","0","0","0","0","0","0","0","0","0","0","0","0","0","0","0","0","0","0","0","0","0","0","0","0","0","0","0","0","0","0","0","0","0","0","0","0"
"2647bd2a458f849c0a32cff471cac536757323fe","gov.nasa.arc.mct.fastplot.bridge.PlotLimitManager.setMinAlarmIconToAlarmClosedByUser()V","0","0","0","0","0","0","0","0","16.3645","2.5","60","15.3262","8","8","3.33333","24","136.447","79.7933","121.252","70.9075","1","0","0","1","1","0","0","0","0","0","3","3","1","0","3","3","1","0","0","0","0","0","0","0","0","0","0","0","0","0","0","0","0","0","0","0","0","0","0","0","0","0","0","0","0","0","0","0","0","0","0","0","1"
"2647bd2a458f849c0a32cff471cac536757323fe","gov.nasa.arc.mct.fastplot.bridge.PlotLimitManager.setMaxAlarmIconToAlarmClosedByUser()V","0","0","0","0","0","0","0","0","16.3645","2.5","60","15.3262","8","8","3.33333","24","136.447","79.7933","121.252","70.9075","1","0","0","1","1","0","0","0","0","0","3","3","1","0","3","3","1","0","0","0","0","0","0","0","0","0","0","0","0","0","0","0","0","0","0","0","0","0","0","0","0","0","0","0","0","0","0","0","0","0","0","0","1"
"2647bd2a458f849c0a32cff471cac536757323fe","gov.nasa.arc.mct.fastplot.bridge.PlotLimitManager.setMinAlarmIconToAlarmRaised()V","0","0","0","0","0","0","0","0","16.3645","2.5","60","15.3262","8","8","3.33333","24","136.447","79.7933","121.252","70.9075","1","0","0","1","1","0","0","0","0","0","3","3","1","0","3","3","1","0","0","0","0","0","0","0","0","0","0","0","0","0","0","0","0","0","0","0","0","0","0","0","0","0","0","0","0","0","0","0","0","0","0","0","1"
"2647bd2a458f849c0a32cff471cac536757323fe","gov.nasa.arc.mct.fastplot.bridge.PlotLimitManager.setMaxAlarmIconToAlarmRaised()V","0","0","0","0","0","0","0","0","16.3645","2.5","60","15.3262","8","8","3.33333","24","136.447","79.7933","121.252","70.9075","1","0","0","1","1","0","0","0","0","0","3","3","1","0","3","3","1","0","0","0","0","0","0","0","0","0","0","0","0","0","0","0","0","0","0","0","0","0","0","0","0","0","0","0","0","0","0","0","0","0","0","0","1"
"2647bd2a458f849c0a32cff471cac536757323fe","gov.nasa.arc.mct.fastplot.bridge.PlotLimitManager.setMinAlarmIconToAlarmOpendedByUser()V","0","0","0","0","0","0","0","0","16.3645","2.5","60","15.3262","8","8","3.33333","24","136.447","79.7933","121.252","70.9075","1","0","0","1","1","0","0","0","0","0","3","3","1","0","3","3","1","0","0","0","0","0","0","0","0","0","0","0","0","0","0","0","0","0","0","0","0","0","0","0","0","0","0","0","0","0","0","0","0","0","0","0","1"
"2647bd2a458f849c0a32cff471cac536757323fe","gov.nasa.arc.mct.fastplot.bridge.PlotLimitManager.setMaxAlarmIconToAlarmOpendedByUser()V","0","0","0","0","0","0","0","0","16.3645","2.5","60","15.3262","8","8","3.33333","24","136.447","79.7933","121.252","70.9075","1","0","0","1","1","0","0","0","0","0","3","3","1","0","3","3","1","0","0","0","0","0","0","0","0","0","0","0","0","0","0","0","0","0","0","0","0","0","0","0","0","0","0","0","0","0","0","0","0","0","0","0","1"
"00a1a4e44d41db0509178e7acb449101cb47231f","gov.nasa.arc.mct.fastplot.scatter.ScatterPlotDataManager.addData(Ljava/lang/String;Ljava/util/SortedMap;)V","0","0","0","0","0","0","0","0","164.881","32.625","14106.5","583.822","83","37","783.697","432.385","95.7668","56.004","62.8688","36.7654","4","2","2","1","5","0","0","0","0","0","14","15","7","2","14","15","7","0","0","0","0","0","0","0","0","0","0","0","0","0","0","0","0","0","0","0","0","0","0","0","0","0","0","0","0","0","0","0","0","0","0","0","0"
"00a1a4e44d41db0509178e7acb449101cb47231f","gov.nasa.arc.mct.fastplot.settings.controls.PlotSettingsComboBox.<init>([Ljava/lang/Object;)V","0","0","0","0","0","0","0","0","169.411","32.2222","14542.6","595.792","86","38","807.922","451.322","98.2712","57.4685","66.3799","38.8187","3","1","1","0","2","0","0","0","0","0","12","12","10","1","12","12","10","0","0","0","0","2","0","0","2","0","0","0","0","0","0","0","0","0","0","0","0","0","0","0","0","0","0","0","0","0","0","0","0","0","0","0","0"
"b206263ada09ba2bacefecc5ec012695d9b0e8e7","gov.nasa.arc.mct.core.policy.OwnershipTest.testData()[[Ljava/lang/Object;","0","0","0","0","0","0","0","0","17.5098","3","81","18.7208","9","8","4.5","27","131.174","76.7098","113.645","66.4588","1","0","0","0","0","0","0","0","0","0","4","4","1","0","4","4","1","0","0","0","1","0","0","0","0","0","0","0","0","0","0","0","0","0","0","0","0","0","0","0","0","0","0","0","0","0","1","0","0","0","0","0","1"
"523a7d63d73ef3ea83abb30531d2ba0f3a6ee78e","gov.nasa.arc.mct.core.policy.OwnershipTest.testOwnership(Ljava/lang/String;Ljava/lang/String;Ljava/lang/String;Ljava/lang/String;ZZ)V","0","0","0","0","0","0","0","0","186.211","21.125","11163.4","499.496","98","42","620.191","528.447","90.4664","52.9043","95.9864","56.1324","1","0","0","0","8","0.387097","12","11","0.3","12","19","24","9","6","28","34","13","0","0","0","0","1","0","0","0","0","0","0","0","0","1","0","0","0","0","0","0","0","0","0","0","0","0","0","0","0","0","0","0","0","0","0","0"
"00a1a4e44d41db0509178e7acb449101cb47231f","gov.nasa.arc.mct.fastplot.scatter.ScatterPlotDataSeries.addData(Ljava/util/SortedMap;Ljava/util/SortedMap;Z)V","0","0","0","0","0","0","0","0","186.211","25.1875","12359.5","534.566","91","42","686.64","490.701","94.8789","55.4848","61.6896","36.0758","5","3","3","1","4","0","0","0","0","0","14","14","8","3","14","14","8","0","0","0","0","0","0","0","0","0","0","0","0","0","0","0","0","0","0","0","0","0","0","0","0","0","0","0","0","0","0","0","0","0","0","0","0"
"8258a874558fb0fab19d7d3c0f101545bdb26038","gov.nasa.arc.mct.gui.housing.Inspector$WidgetTransferHandler.getSourceActions(Ljavax/swing/JComponent;)I","0","0","0","0","0","0","0","0","20.2647","3","85.588","19.4212","9","9","4.75489","28.5293","130.887","76.5422","113.231","66.2171","1","0","0","0","0","0","0","0","0","0","4","4","1","1","4","4","1","0","0","0","0","0","0","0","0","0","0","0","0","0","0","0","0","0","0","0","0","0","0","0","0","0","0","0","0","0","0","0","0","0","0","0","1"
"8258a874558fb0fab19d7d3c0f101545bdb26038","gov.nasa.arc.mct.canvas.view.PanelInspector$WidgetTransferHandler.getSourceActions(Ljavax/swing/JComponent;)I","0","0","0","0","0","0","0","0","20.2647","3","85.588","19.4212","9","9","4.75489","28.5293","130.887","76.5422","113.231","66.2171","1","0","0","0","0","0","0","0","0","0","4","4","1","1","4","4","1","0","0","0","0","0","0","0","0","0","0","0","0","0","0","0","0","0","0","0","0","0","0","0","0","0","0","0","0","0","0","0","0","0","0","0","1"
"fc17af8aec0dfc5373de8f43ab793377ed63f060","gov.nasa.arc.mct.fastplot.bridge.MarqueeZoomListener.mouseReleased(Ljava/awt/event/MouseEvent;)V","0","0","0","0","0","0","0","0","209.665","33.4444","32328.2","1014.82","175","46","1796.01","966.623","80.3545","46.9909","40.6334","23.7622","4","2","2","0","7","0","0","0","0","0","28","31","20","1","28","31","20","0","0","0","0","0","0","0","0","0","0","0","0","0","0","0","0","0","0","0","0","0","0","0","0","0","0","0","0","0","0","0","0","0","0","0","0"
"15f0141df0856e61ab3ebe8029be16fd462fc23d","gov.nasa.arc.mct.fastplot.bridge.MarqueeZoomListener.mouseReleased(Ljava/awt/event/MouseEvent;)V","0","0","0","0","0","0","0","0","209.665","33.4444","32328.2","1014.82","175","46","1796.01","966.623","80.3545","46.9909","40.6334","23.7622","4","2","2","0","7","0","0","0","0","0","28","31","20","1","28","31","20","0","0","0","0","0","0","0","0","0","0","0","0","0","0","0","0","0","0","0","0","0","0","0","0","0","0","0","0","0","0","0","0","0","0","0","0"
"523a7d63d73ef3ea83abb30531d2ba0f3a6ee78e","gov.nasa.arc.mct.core.policy.OwnershipTest.testData()[[Ljava/lang/Object;","0","0","0","0","0","0","0","0","215.317","28","18818.9","707.506","121","47","1045.5","672.105","81.6833","47.768","62.845","36.7514","9","5","5","0","0","0.0689655","2","0","0.0689655","2","27","31","13","0","27","31","13","0","0","0","0","2","0","0","2","0","0","0","0","0","0","0","0","0","0","0","0","0","0","0","0","0","0","0","0","0","0","0","0","0","0","0","0"
"4b928a3e7866920c5fe1cb5f34b82d667b840e21","org.acme.example.view.ShowChildrenInTableView.<init>(Lgov/nasa/arc/mct/components/AbstractComponent;Lgov/nasa/arc/mct/services/component/ViewInfo;)V","0","0","0","0","0","0","0","0","217.58","27.125","14614.8","597.763","97","47","811.934","538.795","92.9195","54.3389","76.9051","44.9738","2","1","1","0","5","0.0588235","1","0","0.0588235","1","16","20","12","2","16","20","12","0","0","0","0","0","0","0","0","0","0","0","0","0","0","0","0","0","0","0","0","0","0","0","0","0","0","0","0","0","0","0","0","0","0","0","0"
"5256f5ecda0f01f4c3565319d6545cdbe5d18f09","gov.nasa.arc.mct.dbpersistence.service.PersistenceServiceImpl.activate(LComponentContext;)V","0","0","0","0","0","0","0","0","225.969","31.45","14848.8","604.126","85","47","824.934","472.14","92.3941","54.0316","81.9875","47.9459","3","2","2","0","4","0.105263","2","0","0.0869565","2","17","22","11","1","21","28","12","0","0","0","0","0","0","0","0","0","0","0","0","0","0","0","0","0","0","0","0","0","0","0","0","0","0","0","0","0","0","0","0","0","0","0","1"
"5e8071fc4e37bcb6ab82c758bfe89585f59cc467","gov.nasa.arc.mct.dbpersistence.service.PersistenceServiceImpl.activate(LComponentContext;)V","0","0","0","0","0","0","0","0","227.631","33.6538","17479.9","673.533","93","48","971.103","519.401","87.4912","51.1644","72.5523","42.4282","4","3","3","0","4","0.0833333","2","0","0.0714286","2","22","27","14","1","26","33","15","0","0","0","0","0","0","0","0","0","0","0","0","0","0","0","0","0","0","0","0","0","0","0","0","0","0","0","0","0","0","0","0","0","0","0","0"
"b206263ada09ba2bacefecc5ec012695d9b0e8e7","gov.nasa.arc.mct.core.policy.CheckComponentOwnerIsUserPolicy.execute(Lgov/nasa/arc/mct/policy/PolicyContext;)Lgov/nasa/arc/mct/policy/ExecutionResult;","0","0","0","0","0","0","0","0","235.059","24.8889","16996.8","661.066","121","50","944.266","682.907","94.1308","55.0472","94.8477","55.4665","6","2","2","0","10","0.235294","4","0","0.235294","4","13","19","8","1","13","19","8","0","1","0","0","3","0","0","2","0","0","0","0","0","2","0","0","0","0","0","0","0","0","0","0","0","0","0","0","0","0","0","0","0","0","0","1"
"2bf3c8b935f950b0c993fc183d2f75fe422cbb6f","org.acme.example.view.ShowChildrenInTableView.<init>(Lgov/nasa/arc/mct/components/AbstractComponent;Lgov/nasa/arc/mct/services/component/ViewInfo;)V","0","0","0","0","0","0","0","0","235.952","29.1176","17255.3","667.751","105","50","958.626","592.605","91.4424","53.4751","74.2807","43.439","2","1","1","0","5","0.0555556","1","0","0.0555556","1","17","21","13","2","17","21","13","0","0","0","0","0","0","0","0","0","0","0","0","0","0","0","0","0","0","0","0","0","0","0","0","0","0","0","0","0","0","0","0","0","0","0","1"
"42cbc3f5b68e1b67340a44ddd6fca5daf1147a96","gov.nasa.arc.mct.table.gui.LabeledTable.updateColumnsFromModel([I)V","0","0","0","0","0","0","0","0","238.128","49","37057.6","1111.52","134","50","2058.75","756.277","88.3283","51.654","90.2113","52.7552","6","2","2","3","2","0.307692","8","8","0.307692","8","18","21","16","1","18","21","16","0","0","0","0","2","0","0","0","0","0","0","0","0","2","0","0","0","0","0","0","0","0","0","0","0","0","0","0","0","0","0","0","0","0","0","1"
"dcd656243a1cab0f77eade751ce713efdce70d94","gov.nasa.arc.mct.fastplot.bridge.PlotLimitManager.showAllLimitButtons()V","0","0","0","0","0","0","0","0","27.1194","3","155.674","28.9386","15","11","8.64858","51.8915","127.776","74.7231","108.743","63.5926","1","0","0","1","0","0","0","0","0","0","4","4","2","0","4","4","2","0","0","0","0","0","0","0","0","0","0","0","0","0","0","0","0","0","0","0","0","0","0","0","0","0","0","0","0","0","0","0","0","0","0","0","0"
"523a7d63d73ef3ea83abb30531d2ba0f3a6ee78e","gov.nasa.arc.mct.core.policy.CheckComponentOwnerIsUserPolicy.execute(Lgov/nasa/arc/mct/policy/PolicyContext;)Lgov/nasa/arc/mct/policy/ExecutionResult;","0","0","0","0","0","0","0","0","271.764","27.5","20921","759.256","131","56","1162.28","760.763","92.1388","53.8823","91.2946","53.3887","7","2","2","0","10","0.222222","4","0","0.222222","4","14","20","9","1","14","20","9","0","1","0","0","3","0","0","2","0","0","0","0","0","2","0","0","0","0","0","0","0","0","0","0","0","0","0","0","0","0","0","0","0","0","0","0"
"00a1a4e44d41db0509178e7acb449101cb47231f","gov.nasa.arc.mct.fastplot.scatter.ScatterPlot$PlotLineWrapper.removeLast(I)V","0","0","0","0","0","0","0","0","28.7549","5.33333","221.404","36.5979","12","11","12.3002","41.5132","128.937","75.4016","110.417","64.5716","1","0","0","0","1","0","0","0","0","0","4","4","1","1","4","4","1","0","0","0","0","0","0","0","0","0","0","0","0","0","0","0","0","0","0","0","0","0","0","0","0","0","0","0","0","0","0","0","0","0","0","0","0"
"00a1a4e44d41db0509178e7acb449101cb47231f","gov.nasa.arc.mct.fastplot.bridge.PlotView.initialDataRequest()V","0","0","0","0","0","0","0","0","30.5293","4.5","280.214","42.8213","18","11","15.5674","62.2698","131.489","76.894","114.099","66.7247","1","0","0","1","4","0","0","0","0","0","3","3","1","0","3","3","1","0","0","0","0","0","0","0","0","0","0","0","0","0","0","0","0","0","0","0","0","0","0","0","0","0","0","0","0","0","0","0","0","0","0","0","0"
"dcd656243a1cab0f77eade751ce713efdce70d94","gov.nasa.arc.mct.fastplot.bridge.PlotLimitManager.setMinAlarmIconToAlarmClosedByUser()V","0","0","0","0","0","0","0","0","31.2611","3.5","163.116","29.8536","13","12","9.06199","46.6045","128.335","75.0498","109.55","64.0641","1","0","0","1","1","0","0","0","0","0","4","4","1","0","4","4","1","0","0","0","0","0","0","0","0","0","0","0","0","0","0","0","0","0","0","0","0","0","0","0","0","0","0","0","0","0","0","0","0","0","0","0","0"
"dcd656243a1cab0f77eade751ce713efdce70d94","gov.nasa.arc.mct.fastplot.bridge.PlotLimitManager.setMaxAlarmIconToAlarmClosedByUser()V","0","0","0","0","0","0","0","0","31.2611","3.5","163.116","29.8536","13","12","9.06199","46.6045","128.335","75.0498","109.55","64.0641","1","0","0","1","1","0","0","0","0","0","4","4","1","0","4","4","1","0","0","0","0","0","0","0","0","0","0","0","0","0","0","0","0","0","0","0","0","0","0","0","0","0","0","0","0","0","0","0","0","0","0","0","0"
"dcd656243a1cab0f77eade751ce713efdce70d94","gov.nasa.arc.mct.fastplot.bridge.PlotLimitManager.setMinAlarmIconToAlarmOpendedByUser()V","0","0","0","0","0","0","0","0","31.2611","3.5","163.116","29.8536","13","12","9.06199","46.6045","128.335","75.0498","109.55","64.0641","1","0","0","1","1","0","0","0","0","0","4","4","1","0","4","4","1","0","0","0","0","0","0","0","0","0","0","0","0","0","0","0","0","0","0","0","0","0","0","0","0","0","0","0","0","0","0","0","0","0","0","0","0"
"dcd656243a1cab0f77eade751ce713efdce70d94","gov.nasa.arc.mct.fastplot.bridge.PlotLimitManager.setMinAlarmIconToAlarmRaised()V","0","0","0","0","0","0","0","0","31.2611","3.5","163.116","29.8536","13","12","9.06199","46.6045","128.335","75.0498","109.55","64.0641","1","0","0","1","1","0","0","0","0","0","4","4","1","0","4","4","1","0","0","0","0","0","0","0","0","0","0","0","0","0","0","0","0","0","0","0","0","0","0","0","0","0","0","0","0","0","0","0","0","0","0","0","0"
"dcd656243a1cab0f77eade751ce713efdce70d94","gov.nasa.arc.mct.fastplot.bridge.PlotLimitManager.setMaxAlarmIconToAlarmRaised()V","0","0","0","0","0","0","0","0","31.2611","3.5","163.116","29.8536","13","12","9.06199","46.6045","128.335","75.0498","109.55","64.0641","1","0","0","1","1","0","0","0","0","0","4","4","1","0","4","4","1","0","0","0","0","0","0","0","0","0","0","0","0","0","0","0","0","0","0","0","0","0","0","0","0","0","0","0","0","0","0","0","0","0","0","0","0"
"dcd656243a1cab0f77eade751ce713efdce70d94","gov.nasa.arc.mct.fastplot.bridge.PlotLimitManager.setMaxAlarmIconToAlarmOpendedByUser()V","0","0","0","0","0","0","0","0","31.2611","3.5","163.116","29.8536","13","12","9.06199","46.6045","128.335","75.0498","109.55","64.0641","1","0","0","1","1","0","0","0","0","0","4","4","1","0","4","4","1","0","0","0","0","0","0","0","0","0","0","0","0","0","0","0","0","0","0","0","0","0","0","0","0","0","0","0","0","0","0","0","0","0","0","0","0"
"4e3e7ed0f47b8d52995d84beeeacd058bd0ad6b3","gov.nasa.arc.mct.identitymgr.impl.DefaultIdentityManager.ensureInitialized()V","0","0","0","0","0","0","0","0","314.499","33.3333","29487.9","954.471","148","63","1638.22","884.637","83.1122","48.6036","70.888","41.455","11","3","3","2","7","0.12","3","0","0.12","3","22","27","15","0","22","27","15","0","0","0","0","0","0","0","0","0","0","0","0","0","0","0","0","0","0","0","0","0","0","0","0","0","0","0","0","0","0","0","0","0","0","0","0"
"0cf5705839b1a67c1d936a25b8f09a1c21612f15","gov.nasa.arc.mct.table.gui.LabeledTable.updateColumnsFromModel([I)V","0","0","0","0","0","0","0","0","315.274","86.7778","126073","2514.28","244","62","7004.05","1452.82","73.964","43.2538","63.7339","37.2713","11","4","4","3","2","0.195122","8","8","0.195122","8","33","36","27","1","33","36","27","0","0","0","0","2","0","0","0","0","0","0","0","0","2","0","0","0","0","0","0","0","0","0","0","0","0","0","0","0","0","0","0","0","0","0","0"
"c51c585e19c0ee09920cb84aebf4039dd9691380","gov.nasa.arc.mct.fastplot.view.PlotViewManifestation.createPlotAndAddItToPanel()V","0","0","0","0","0","0","0","0","32","4","215.098","35.8997","15","12","11.9499","53.7744","123.976","72.5007","103.261","60.3864","1","0","0","1","2","0","0","0","0","0","5","5","3","0","5","5","3","0","0","0","0","0","0","0","0","0","0","0","0","0","0","0","0","0","0","0","0","0","0","0","0","0","0","0","0","0","0","0","0","0","0","0","0"
"00a1a4e44d41db0509178e7acb449101cb47231f","gov.nasa.arc.mct.fastplot.view.PlotViewManifestation.createPlotAndAddItToPanel()V","0","0","0","0","0","0","0","0","32","4","215.098","35.8997","15","12","11.9499","53.7744","123.976","72.5007","103.261","60.3864","1","0","0","1","2","0","0","0","0","0","5","5","3","0","5","5","3","0","0","0","0","0","0","0","0","0","0","0","0","0","0","0","0","0","0","0","0","0","0","0","0","0","0","0","0","0","0","0","0","0","0","0","0"
"00a1a4e44d41db0509178e7acb449101cb47231f","gov.nasa.arc.mct.fastplot.scatter.ScatterPlot$PlotLineWrapper.appendData(DD)V","0","0","0","0","0","0","0","0","32","6","322.647","47.0419","15","12","17.9248","53.7744","127.591","74.6147","108.476","63.4362","1","0","0","1","1","0","0","0","0","0","4","4","1","2","4","4","1","0","0","0","0","0","0","0","0","0","0","0","0","0","0","0","0","0","0","0","0","0","0","0","0","0","0","0","0","0","0","0","0","0","0","0","0"
"e247325ef58aef95b91f44637f80a0dc0b003788","gov.nasa.arc.mct.identitymgr.impl.DefaultIdentityManager.<init>(Ljava/util/Properties;)V","0","0","0","0","0","0","0","0","327.356","33.6964","30236.9","970.566","149","65","1679.83","897.333","84.8121","49.5977","84.507","49.4193","10","2","2","6","7","0.285714","8","4","0.285714","8","20","26","14","1","20","26","14","0","0","0","0","0","0","0","0","0","0","0","0","0","0","0","0","0","0","0","0","0","0","0","0","0","0","0","0","0","0","0","0","0","0","0","0"
"4e3e7ed0f47b8d52995d84beeeacd058bd0ad6b3","gov.nasa.arc.mct.identitymgr.impl.DefaultIdentityManager.getCurrentUser()Ljava/lang/String;","0","0","0","0","0","0","0","0","33.2193","5","224.863","36.9782","13","11","12.4924","44.9726","124.906","73.0442","104.602","61.1706","1","0","0","0","2","0","0","0","0","0","5","5","2","0","5","5","2","0","0","0","0","0","0","0","0","0","0","0","0","0","0","0","0","0","0","0","0","0","0","0","0","0","0","0","0","0","0","0","0","0","0","0","0"
"4e3e7ed0f47b8d52995d84beeeacd058bd0ad6b3","gov.nasa.arc.mct.identitymgr.impl.DefaultIdentityManager.getCurrentGroup()Ljava/lang/String;","0","0","0","0","0","0","0","0","33.2193","5","224.863","36.9782","13","11","12.4924","44.9726","124.906","73.0442","104.602","61.1706","1","0","0","0","2","0","0","0","0","0","5","5","2","0","5","5","2","0","0","0","0","0","0","0","0","0","0","0","0","0","0","0","0","0","0","0","0","0","0","0","0","0","0","0","0","0","0","0","0","0","0","0","0"
"4b928a3e7866920c5fe1cb5f34b82d667b840e21","org.acme.example.view.ShowChildrenInTableView$ExampleTableModel.getColumnClass(I)Ljava/lang/Class;","0","0","0","0","0","0","0","0","33.2842","4.5","193.588","33.4646","12","12","10.7549","43.0195","128.751","75.2932","110.15","64.4152","1","0","0","0","0","0","0","0","0","0","4","4","1","1","4","4","1","0","0","0","0","0","0","0","0","0","0","0","0","0","0","0","0","0","0","0","0","0","0","0","0","0","0","0","0","0","0","0","0","0","0","0","0"
"00a1a4e44d41db0509178e7acb449101cb47231f","gov.nasa.arc.mct.fastplot.scatter.ScatterPlot$PlotLineWrapper.prependData(DD)V","0","0","0","0","0","0","0","0","33.2842","7.5","510.857","63.9047","19","12","28.381","68.1143","126.362","73.8958","106.703","62.3992","1","0","0","0","1","0","0","0","0","0","4","4","1","2","4","4","1","0","0","0","0","0","0","0","0","0","0","0","0","0","0","0","0","0","0","0","0","0","0","0","0","0","0","0","0","0","0","0","0","0","0","0","0"
"4e3e7ed0f47b8d52995d84beeeacd058bd0ad6b3","gov.nasa.arc.mct.identitymgr.impl.DefaultIdentityManager.<init>(Ljava/util/Properties;)V","0","0","0","0","0","0","0","0","36.5293","5.625","333.04","48.0467","16","13","18.5022","59.207","131.751","77.0474","161.514","94.4524","1","0","0","6","0","0.625","5","4","0.625","5","3","3","1","1","3","3","1","0","0","0","0","0","0","0","0","0","0","0","0","0","0","0","0","0","0","0","0","0","0","0","0","0","0","0","0","0","0","0","0","0","0","0","0"
"2bf3c8b935f950b0c993fc183d2f75fe422cbb6f","org.acme.example.view.ShowChildrenInTableView$ExampleTableModel.populateData()V","0","0","0","0","0","0","0","0","361.083","45.75","57204.6","1484.64","204","70","3178.03","1250.37","77.5276","45.3378","36.9624","21.6154","8","3","3","2","4","0","0","0","0","0","29","33","21","0","29","33","21","0","0","0","0","0","0","0","0","0","0","0","0","0","0","0","0","0","0","0","0","0","0","0","0","0","0","0","0","0","0","0","0","0","0","0","1"
"c51c585e19c0ee09920cb84aebf4039dd9691380","gov.nasa.arc.mct.fastplot.bridge.PlotView.refreshDisplay()V","0","0","0","0","0","0","0","0","37.9742","6.66667","345.374","49.2259","14","13","19.1875","51.8062","120.986","70.7523","99.0493","57.9236","2","1","1","6","1","0","0","0","0","0","6","6","2","0","6","6","2","0","0","0","0","0","0","0","0","0","0","0","0","0","0","0","0","0","0","0","0","0","0","0","0","0","0","0","0","0","0","0","0","0","0","0","0"
"00a1a4e44d41db0509178e7acb449101cb47231f","gov.nasa.arc.mct.fastplot.bridge.PlotView.refreshDisplay()V","0","0","0","0","0","0","0","0","37.9742","6.66667","345.374","49.2259","14","13","19.1875","51.8062","120.986","70.7523","99.0493","57.9236","2","1","1","6","1","0","0","0","0","0","6","6","2","0","6","6","2","0","0","0","0","0","0","0","0","0","0","0","0","0","0","0","0","0","0","0","0","0","0","0","0","0","0","0","0","0","0","0","0","0","0","0","0"
"05f1a5bde8b837c289f84409f3c5189938aaf581","gov.nasa.arc.mct.canvas.view.PanelInspector$WidgetTransferHandler.getSourceActions(Ljavax/swing/JComponent;)I","0","0","0","0","0","0","0","0","39.5098","4","213.212","35.6895","14","14","11.8451","53.303","127.407","74.5069","108.312","63.3404","2","0","0","0","0","0","0","0","0","0","4","4","1","1","4","4","1","0","0","0","0","0","0","0","0","0","0","0","0","0","0","0","0","0","0","0","0","0","0","0","0","0","0","0","0","0","0","0","0","0","0","0","0"
"05f1a5bde8b837c289f84409f3c5189938aaf581","gov.nasa.arc.mct.gui.housing.Inspector$WidgetTransferHandler.getSourceActions(Ljavax/swing/JComponent;)I","0","0","0","0","0","0","0","0","39.5098","4","213.212","35.6895","14","14","11.8451","53.303","127.407","74.5069","108.312","63.3404","2","0","0","0","0","0","0","0","0","0","4","4","1","1","4","4","1","0","0","0","0","0","0","0","0","0","0","0","0","0","0","0","0","0","0","0","0","0","0","0","0","0","0","0","0","0","0","0","0","0","0","0","0"
"dcd656243a1cab0f77eade751ce713efdce70d94","gov.nasa.arc.mct.fastplot.bridge.PlotLimitManager.changeButtonIcon(Ljavax/swing/JButton;Ljavax/swing/ImageIcon;Ljava/lang/String;)V","0","0","0","0","0","0","0","0","41.2193","10","799.545","86.1447","21","14","44.4191","79.9545","125.528","73.4085","105.5","61.696","1","0","0","6","0","0","0","0","0","0","4","4","2","3","4","4","2","0","0","0","0","0","0","0","0","0","0","0","0","0","0","0","0","0","0","0","0","0","0","0","0","0","0","0","0","0","0","0","0","0","0","0","0"
"4b928a3e7866920c5fe1cb5f34b82d667b840e21","org.acme.example.view.ShowChildrenInTableView$ExampleTableModel.populateData()V","0","0","0","0","0","0","0","0","420.549","47.3939","66324.9","1638.52","222","79","3684.72","1399.44","76.7119","44.8608","35.8874","20.9868","9","3","3","2","6","0","0","0","0","0","29","32","22","0","29","32","22","0","0","0","0","0","0","0","0","0","0","0","0","0","0","0","0","0","0","0","0","0","0","0","0","0","0","0","0","0","0","0","0","0","0","0","0"
"c51c585e19c0ee09920cb84aebf4039dd9691380","gov.nasa.arc.mct.fastplot.scatter.ScatterPlot.getCurrentTimeAxisMin()Ljava/util/GregorianCalendar;","0","0","0","0","0","0","0","0","47.7744","10","937.654","95.7992","24","15","52.0919","93.7654","118.131","69.0827","122.461","71.6146","1","0","0","1","1","0.142857","1","0","0.142857","1","6","7","3","0","6","7","3","0","0","0","0","0","0","0","0","0","0","0","0","0","0","0","0","0","0","0","0","0","0","0","0","0","0","0","0","0","0","0","0","0","0","0","0"
"00a1a4e44d41db0509178e7acb449101cb47231f","gov.nasa.arc.mct.fastplot.scatter.ScatterPlot.getCurrentTimeAxisMin()Ljava/util/GregorianCalendar;","0","0","0","0","0","0","0","0","47.7744","10","937.654","95.7992","24","15","52.0919","93.7654","118.131","69.0827","94.8285","55.4553","1","0","0","1","1","0","0","0","0","0","6","6","3","0","6","6","3","0","0","0","0","0","0","0","0","0","0","0","0","0","0","0","0","0","0","0","0","0","0","0","0","0","0","0","0","0","0","0","0","0","0","0","0"
"2bf3c8b935f950b0c993fc183d2f75fe422cbb6f","org.acme.example.view.ShowChildrenInTableView$ExampleTableModel.getColumnClass(I)Ljava/lang/Class;","0","0","0","0","0","0","0","0","47.7744","8","531.337","65.6015","17","15","29.5187","66.4171","126.493","73.9725","106.892","62.5099","1","0","0","0","1","0","0","0","0","0","4","4","1","1","4","4","1","0","0","0","0","0","0","0","0","0","0","0","0","0","0","0","0","0","0","0","0","0","0","0","0","0","0","0","0","0","0","0","0","0","0","0","1"
"00a1a4e44d41db0509178e7acb449101cb47231f","gov.nasa.arc.mct.fastplot.scatter.ScatterPlot$PlotLineWrapper.prependData([D[D)V","0","0","0","0","0","0","0","0","53.5635","9.16667","1011.65","100.775","27","17","56.2026","110.361","123.852","72.4283","103.082","60.2821","1","0","0","1","1","0","0","0","0","0","4","4","1","2","4","4","1","0","0","0","0","1","0","0","0","0","0","0","0","0","1","0","0","0","0","0","0","0","0","0","0","0","0","0","0","0","0","0","0","0","0","0","0"
"c51c585e19c0ee09920cb84aebf4039dd9691380","gov.nasa.arc.mct.fastplot.view.PlotViewManifestation.generatePlot()V","0","0","0","0","0","0","0","0","54.6292","8.4","1167.38","110.868","34","17","64.8544","138.974","111.425","65.1607","109.84","64.2342","1","0","0","3","7","0.111111","1","0","0.111111","1","8","10","6","0","8","10","6","0","0","0","0","0","0","0","0","0","0","0","0","0","0","0","0","0","0","0","0","0","0","0","0","0","0","0","0","0","0","0","0","0","0","0","0"
"05f1a5bde8b837c289f84409f3c5189938aaf581","gov.nasa.arc.mct.canvas.view.PanelInspector.selectedManifestationChanged(Lgov/nasa/arc/mct/gui/View;)V","0","0","0","0","0","0","0","0","544.452","49.7619","92287.2","2042.18","281","97","5127.07","1854.58","73.1249","42.7631","42.6985","24.9699","3","2","2","1","9","0.027027","1","0","0.027027","1","36","39","29","1","36","39","29","0","0","0","1","0","0","0","0","0","0","0","0","0","0","0","0","0","0","0","0","0","0","0","0","0","0","0","0","0","0","0","0","0","1","0","0"
"8258a874558fb0fab19d7d3c0f101545bdb26038","gov.nasa.arc.mct.canvas.view.PanelInspector.selectedManifestationChanged(Lgov/nasa/arc/mct/gui/View;)V","0","0","0","0","0","0","0","0","573.092","53.2791","105004","2225.72","296","101","5833.56","1970.83","71.9328","42.066","40.6584","23.7768","3","2","2","1","9","0.025641","1","0","0.025641","1","38","41","31","1","38","41","31","0","0","0","1","0","0","0","0","0","0","0","0","0","0","0","0","0","0","0","0","0","0","0","0","0","0","0","0","0","0","0","0","0","1","0","1"
"00a1a4e44d41db0509178e7acb449101cb47231f","gov.nasa.arc.mct.fastplot.view.PlotViewManifestation.generatePlot()V","0","0","0","0","0","0","0","0","59.7154","10.4","1691.32","141.955","39","18","93.9623","162.627","108.699","63.5669","104.748","61.256","1","0","0","3","8","0.1","1","0","0.1","1","9","10","7","0","9","10","7","0","0","0","0","0","0","0","0","0","0","0","0","0","0","0","0","0","0","0","0","0","0","0","0","0","0","0","0","0","0","0","0","0","0","0","0"
"adc63ec9e390456a520b41dcb5c56241939ea687","gov.nasa.arc.mct.services.component.ViewInfo.hashCode()I","0","0","0","0","0","0","0","0","61.303","8.75","802.711","86.3719","22","18","44.595","91.7384","120.969","70.7419","99.0236","57.9085","2","0","0","1","1","0","0","0","0","0","5","5","1","0","5","5","1","0","0","0","0","0","0","0","0","0","0","0","0","0","0","0","0","0","0","0","0","0","0","0","0","0","0","0","0","0","0","0","0","0","0","0","0"
"05f1a5bde8b837c289f84409f3c5189938aaf581","gov.nasa.arc.mct.gui.housing.Inspector.selectedManifestationChanged(Lgov/nasa/arc/mct/services/component/ViewInfo;Lgov/nasa/arc/mct/components/AbstractComponent;)V","0","0","0","0","0","0","0","0","614.884","53.8571","112191","2326.15","309","107","6232.81","2083.11","69.1821","40.4574","36.1886","21.1629","5","2","2","1","9","0.0227273","1","0","0.0227273","1","43","50","36","2","43","50","36","0","0","0","1","2","0","0","2","0","0","0","0","0","0","0","0","0","0","0","0","0","0","0","0","0","0","0","0","0","0","0","0","0","1","0","0"
"c51c585e19c0ee09920cb84aebf4039dd9691380","gov.nasa.arc.mct.fastplot.scatter.ScatterPlotDataSeries.clearBefore(J)V","0","0","0","0","0","0","0","0","63.6155","9.75","1035.43","102.348","25","19","57.524","106.198","117.254","68.5695","93.6644","54.7745","2","1","1","1","2","0","0","0","0","0","6","6","3","1","6","6","3","0","0","0","0","0","0","0","0","0","0","0","0","0","0","0","0","0","0","0","0","0","0","0","0","0","0","0","0","0","0","0","0","0","0","0","0"
"c51c585e19c0ee09920cb84aebf4039dd9691380","gov.nasa.arc.mct.fastplot.settings.controls.PlotSettingsComboBox.setSelection(Ljava/lang/Object;)V","0","0","0","0","0","0","0","0","63.6155","9.75","1242.52","115.576","30","19","69.0288","127.438","119.489","69.8769","141.244","82.5991","1","0","0","4","0","0.5","5","5","0.5","5","5","5","3","1","5","5","3","0","0","0","0","0","0","0","0","0","0","0","0","0","0","0","0","0","0","0","0","0","0","0","0","0","0","0","0","0","0","0","0","0","0","0","0"
"8258a874558fb0fab19d7d3c0f101545bdb26038","gov.nasa.arc.mct.gui.housing.Inspector.selectedManifestationChanged(Lgov/nasa/arc/mct/services/component/ViewInfo;Lgov/nasa/arc/mct/components/AbstractComponent;)V","0","0","0","0","0","0","0","0","643.968","57.34","126228","2516.34","324","111","7012.65","2201.39","68.1585","39.8588","34.4619","20.1532","5","2","2","1","9","0.0217391","1","0","0.0217391","1","45","52","38","2","45","52","38","0","0","0","1","2","0","0","2","0","0","0","0","0","0","0","0","0","0","0","0","0","0","0","0","0","0","0","0","0","0","0","0","0","1","0","1"
"c51c585e19c0ee09920cb84aebf4039dd9691380","gov.nasa.arc.mct.fastplot.settings.LineSetupPanel.isDirty()Z","0","0","0","0","0","0","0","0","66.6034","13.125","2007.15","159.118","36","19","111.508","152.925","112.631","65.8658","87.0961","50.9334","3","0","0","0","4","0","0","0","0","0","7","7","2","0","7","7","2","0","0","0","0","0","0","0","0","0","0","0","0","0","0","0","0","0","0","0","0","0","0","0","0","0","0","0","0","0","0","0","0","0","0","0","0"
"9c0bcefc5d92305651ce3e463cd49c952d6d9220","gov.nasa.arc.mct.services.component.ViewInfo.hashCode()I","0","0","0","0","0","0","0","0","72","10","1210.14","113.56","28","20","67.23","121.014","116.575","68.1724","92.6847","54.2015","2","0","0","1","2","0","0","0","0","0","6","6","1","0","6","6","1","0","0","0","0","0","0","0","0","0","0","0","0","0","0","0","0","0","0","0","0","0","0","0","0","0","0","0","0","0","0","0","0","0","0","0","0"
"c51c585e19c0ee09920cb84aebf4039dd9691380","gov.nasa.arc.mct.fastplot.view.PlotViewFactory.adjustPlotStartAndEndTimeToMatchCurrentTime(Lgov/nasa/arc/mct/fastplot/settings/PlotConfiguration;J)V","0","0","0","0","0","0","0","0","72","18","2489.43","183.682","32","20","138.302","138.302","113.153","66.1714","113.887","66.6008","3","2","2","1","3","0.125","1","0","0.125","1","7","8","3","2","7","8","3","0","0","0","0","1","0","1","0","0","0","0","0","0","0","0","0","0","0","0","0","0","0","0","0","0","0","0","0","0","0","0","0","0","0","0","0"
"adc63ec9e390456a520b41dcb5c56241939ea687","gov.nasa.arc.mct.services.component.ViewInfo.equals(Ljava/lang/Object;)Z","0","0","0","0","0","0","0","0","74.2418","17","2498.07","184.107","34","20","138.782","146.946","115.335","67.4475","90.9981","53.2153","3","0","0","5","2","0","0","0","0","0","6","6","1","1","6","6","1","0","0","0","0","0","0","0","0","0","0","0","0","0","0","0","0","0","0","0","0","0","0","0","0","0","0","0","0","0","0","0","0","0","0","0","0"
"2647bd2a458f849c0a32cff471cac536757323fe","gov.nasa.arc.mct.fastplot.bridge.PlotLimitManager.setEnabled(Z)V","0","0","0","0","0","0","0","0","81.325","12.35","3184.36","216.445","57","23","176.909","257.843","95.3097","55.7367","97.7711","57.1761","4","2","2","6","2","0.26087","6","4","0.26087","6","17","19","11","1","17","19","11","0","0","0","0","1","0","0","0","0","0","0","1","0","0","0","0","0","0","0","0","0","0","0","0","0","0","0","0","0","0","0","0","0","0","0","1"
"15f0141df0856e61ab3ebe8029be16fd462fc23d","gov.nasa.arc.mct.fastplot.bridge.PlotLocalControlsManager.pinXYAxesAfterZoomedIn()V","0","0","0","0","0","0","0","0","82.6034","15.9375","4830.32","285.748","67","23","268.351","303.079","103.755","60.6757","74.0883","43.3265","1","0","0","1","10","0","0","0","0","0","10","12","8","0","10","12","8","0","0","0","0","0","0","0","0","0","0","0","0","0","0","0","0","0","0","0","0","0","0","0","0","0","0","0","0","0","0","0","0","0","0","0","0"
"523a7d63d73ef3ea83abb30531d2ba0f3a6ee78e","gov.nasa.arc.mct.core.policy.OwnershipTest$1.handleGetCapability(Ljava/lang/Class;)Ljava/lang/Object;","0","0","0","0","0","0","0","0","83.6515","11.4286","1757.73","145.647","34","23","97.6515","153.801","115.098","67.3088","90.656","53.0152","3","1","1","0","1","0","0","0","0","0","6","6","3","1","6","6","3","0","0","0","0","0","0","0","0","0","0","0","0","0","0","0","0","0","0","0","0","0","0","0","0","0","0","0","0","0","0","0","0","0","0","0","0"
"9c0bcefc5d92305651ce3e463cd49c952d6d9220","gov.nasa.arc.mct.services.component.ViewInfo.equals(Ljava/lang/Object;)Z","0","0","0","0","0","0","0","0","85.4655","22.1667","4645.98","278.432","47","22","258.11","209.593","110.761","64.7727","84.5013","49.416","4","0","0","5","3","0","0","0","0","0","7","7","1","1","7","7","1","0","0","0","0","0","0","0","0","0","0","0","0","0","0","0","0","0","0","0","0","0","0","0","0","0","0","0","0","0","0","0","0","0","0","0","0"
"dcd656243a1cab0f77eade751ce713efdce70d94","gov.nasa.arc.mct.fastplot.bridge.PlotLimitManager.setEnabled(Z)V","0","0","0","0","0","0","0","0","86.5222","13.3","3658.8","237.443","60","24","203.267","275.098","94.0469","54.9982","96.9364","56.688","4","2","2","6","3","0.28","7","4","0.28","7","18","21","12","1","18","21","12","0","0","0","0","1","0","0","0","0","0","0","1","0","0","0","0","0","0","0","0","0","0","0","0","0","0","0","0","0","0","0","0","0","0","0","0"
"00a1a4e44d41db0509178e7acb449101cb47231f","gov.nasa.arc.mct.fastplot.scatter.ScatterPlot$PlotLineWrapper.appendData([D[D)V","0","0","0","0","0","0","0","0","86.6683","23.4","3916.5","248.465","37","23","217.583","167.372","114.888","67.1862","90.2517","52.7787","2","1","1","0","1","0","0","0","0","0","6","6","4","2","6","6","4","0","0","0","0","1","0","0","0","0","0","0","0","0","1","0","0","0","0","0","0","0","0","0","0","0","0","0","0","0","0","0","0","0","0","0","0"
"00a1a4e44d41db0509178e7acb449101cb47231f","gov.nasa.arc.mct.fastplot.settings.LineSetupPanel.isDirty()Z","0","0","0","0","0","0","0","0","89.1384","14.5714","3140.04","214.432","47","24","174.447","215.493","108.224","63.2888","80.9422","47.3346","5","1","1","0","4","0","0","0","0","0","8","8","4","0","8","8","4","0","0","0","0","3","0","0","2","0","0","0","0","0","1","0","0","0","0","0","0","0","0","0","0","0","0","0","0","0","0","0","0","0","0","0","0"
"b206263ada09ba2bacefecc5ec012695d9b0e8e7","gov.nasa.arc.mct.core.policy.OwnershipTest$1.handleGetCapability(Ljava/lang/Class;)Ljava/lang/Object;","0","0","0","0","0","0","0","0","93.4869","11.6875","1953.9","156.291","36","25","108.55","167.179","114.664","67.0552","90.0303","52.6493","3","1","1","0","1","0","0","0","0","0","6","6","3","1","6","6","3","0","0","0","0","0","0","0","0","0","0","0","0","0","0","0","0","0","0","0","0","0","0","0","0","0","0","0","0","0","0","0","0","0","0","0","1"
"c51c585e19c0ee09920cb84aebf4039dd9691380","gov.nasa.arc.mct.fastplot.bridge.PlotView.setManifestation(Lgov/nasa/arc/mct/fastplot/view/PlotViewManifestation;)V","0","0","0","0","0","0","0","0","94.7101","12.8571","1910.62","153.975","32","25","106.145","148.603","108.708","63.5721","119.308","69.7708","3","1","1","29","1","0.307692","4","4","0.307692","4","9","10","5","1","9","10","5","0","0","0","0","0","0","0","0","0","0","0","0","0","0","0","0","0","0","0","0","0","0","0","0","0","0","0","0","0","0","0","0","0","0","0","0"
"00a1a4e44d41db0509178e7acb449101cb47231f","gov.nasa.arc.mct.fastplot.bridge.PlotView.setManifestation(Lgov/nasa/arc/mct/fastplot/view/PlotViewManifestation;)V","0","0","0","0","0","0","0","0","94.7101","12.8571","1910.62","153.975","32","25","106.145","148.603","108.708","63.5721","119.308","69.7708","3","1","1","29","1","0.307692","4","4","0.307692","4","9","11","5","1","9","11","5","0","0","0","0","0","0","0","0","0","0","0","0","0","0","0","0","0","0","0","0","0","0","0","0","0","0","0","0","0","0","0","0","0","0","0","0"
"00a1a4e44d41db0509178e7acb449101cb47231f","gov.nasa.arc.mct.fastplot.settings.controls.PlotSettingsComboBox.setSelection(Ljava/lang/Object;)V","0","0","0","0","0","0","0","0","94.7101","16.7143","3725.7","240.328","48","25","206.983","222.905","108.738","63.5895","124.955","73.0729","2","1","1","4","0","0.466667","7","5","0.466667","7","8","11","7","1","8","11","7","0","0","0","0","2","0","0","2","0","0","0","0","0","0","0","0","0","0","0","0","0","0","0","0","0","0","0","0","0","0","0","0","0","0","0","0"
"00a1a4e44d41db0509178e7acb449101cb47231f","gov.nasa.arc.mct.fastplot.scatter.ScatterPlotDataSeries.updatePlotLine()V","0","0","0","0","0","0","0","0","97.2193","14.4","4264.24","262.963","63","26","236.902","296.128","98.1952","57.4241","66.1685","38.695","2","1","1","1","1","0","0","0","0","0","14","15","4","0","14","15","4","0","0","0","0","0","0","0","0","0","0","0","0","0","0","0","0","0","0","0","0","0","0","0","0","0","0","0","0","0","0","0","0","0","0","0","0"
"c51c585e19c0ee09920cb84aebf4039dd9691380","gov.nasa.arc.mct.fastplot.settings.PlotSetupPanel$TimeSetupPanel.<init>()V","0.168297","1","4","2","0.262136","0.261364","27","23","709.212","68","205245","3479.49","437","120","11402.5","3018.31","62.1761","36.3603","28.5655","16.705","6","1","1","1","11","0.0333333","2","0","0.0222222","2","58","67","47","0","88","103","57","0","0","0","0","4","0","0","4","0","0","0","0","0","0","0","0","0","0","0","0","0","0","0","0","0","0","0","0","0","0","0","0","0","0","0","0"
"00a1a4e44d41db0509178e7acb449101cb47231f","gov.nasa.arc.mct.fastplot.settings.PlotSetupPanel$TimeSetupPanel.<init>()V","0.171315","1","4","2","0.259615","0.261364","27","23","687.135","64.8182","191044","3317.08","429","117","10613.6","2947.39","62.2997","36.4326","28.7439","16.8093","6","1","1","1","12","0.0333333","2","0","0.0222222","2","58","68","45","0","88","104","55","0","0","0","0","4","0","0","4","0","0","0","0","0","0","0","0","0","0","0","0","0","0","0","0","0","0","0","0","0","0","0","0","0","0","0","0"
"05f1a5bde8b837c289f84409f3c5189938aaf581","gov.nasa.arc.mct.canvas.view.PanelInspectorTest.setup()V","0.24055","1","6","1","0.15493","0.22","11","11","446.555","37.8947","55563.5","1456.11","230","83","3086.86","1466.26","73.6565","43.074","60.4312","35.3399","6","1","1","0","5","0.162791","7","0","0.206349","13","36","49","24","0","50","71","28","0","1","0","0","3","0","0","0","0","0","0","0","0","1","0","0","0","0","1","0","0","0","0","0","0","0","0","1","1","0","0","0","0","0","0","0"
"8258a874558fb0fab19d7d3c0f101545bdb26038","gov.nasa.arc.mct.canvas.view.PanelInspectorTest.setup()V","0.24055","1","6","1","0.15493","0.22","11","11","453.505","38.7368","56952.2","1480.27","230","84","3164.01","1470.23","73.6425","43.0658","60.4109","35.328","6","1","1","0","5","0.162791","7","0","0.206349","13","36","49","24","0","50","71","28","0","1","0","0","3","0","0","0","0","0","0","0","0","1","0","0","0","0","1","0","0","0","0","0","0","0","0","1","1","0","0","0","0","0","0","1"
"05f1a5bde8b837c289f84409f3c5189938aaf581","gov.nasa.arc.mct.canvas.view.PanelInspectorTest.testLabelTransferHandler()V","0.56051","1","1","1","0.518519","0.5","14","10","251.249","24.1304","19903.3","734.429","144","53","1105.74","824.821","87.3203","51.0645","66.9604","39.1582","1","0","0","0","2","0.047619","1","1","0.047619","1","20","27","14","0","20","27","14","0","0","0","1","0","0","0","0","0","0","0","0","0","0","0","0","0","0","0","0","0","0","0","0","0","0","0","0","0","0","0","0","1","0","0","0"
"8258a874558fb0fab19d7d3c0f101545bdb26038","gov.nasa.arc.mct.gui.housing.Inspector.<init>(Lgov/nasa/arc/mct/components/AbstractComponent;Lgov/nasa/arc/mct/services/component/ViewInfo;)V","0.565385","1","1","1","0.596154","0.581395","31","25","536.156","42","74396.9","1768.9","269","96","4133.16","1771.35","72.5269","42.4134","29.0352","16.9796","1","0","0","2","5","0","0","0","0","0","39","48","36","2","43","52","37","0","0","0","0","0","0","0","0","0","0","0","0","0","0","0","0","0","0","0","0","0","0","0","0","0","0","0","0","0","0","0","0","0","0","0","1"
"05f1a5bde8b837c289f84409f3c5189938aaf581","gov.nasa.arc.mct.gui.housing.Inspector.<init>(Lgov/nasa/arc/mct/components/AbstractComponent;Lgov/nasa/arc/mct/services/component/ViewInfo;)V","0.576779","1","1","1","0.603774","0.590909","32","26","557.372","45.1562","83221.2","1906.15","278","99","4623.4","1842.96","71.9107","42.053","28.1462","16.4597","1","0","0","2","5","0","0","0","0","0","40","49","37","2","44","53","38","0","0","0","0","0","0","0","0","0","0","0","0","0","0","0","0","0","0","0","0","0","0","0","0","0","0","0","0","0","0","0","0","0","0","0","0"
"dcd656243a1cab0f77eade751ce713efdce70d94","gov.nasa.arc.mct.fastplot.bridge.PlotLimitManager.setupLimitButtons()V","0.788584","2","20","4","0.648","0.657407","81","71","771.276","72.1412","483501","6160.25","959","127","26861.2","6702.15","44.9665","26.2962","8.50541","4.97392","19","4","2","2","2","0.0526316","6","2","0.0526316","6","108","125","88","0","108","125","88","0","0","0","1","0","0","0","0","0","0","0","0","0","0","0","0","0","0","0","0","0","0","0","0","0","0","0","0","0","0","0","1","0","0","0","0"
"8258a874558fb0fab19d7d3c0f101545bdb26038","gov.nasa.arc.mct.canvas.view.PanelInspector.<init>(Lgov/nasa/arc/mct/components/AbstractComponent;Lgov/nasa/arc/mct/services/component/ViewInfo;)V","0.794595","1","1","1","0.756098","0.757576","31","25","345.947","31","35855.2","1087.35","190","68","1991.95","1156.62","79.5429","46.5163","39.1571","22.8989","1","0","0","0","2","0","0","0","0","0","29","37","26","2","33","41","27","0","0","0","0","0","0","0","0","0","0","0","0","0","0","0","0","0","0","0","0","0","0","0","0","0","0","0","0","0","0","0","0","0","0","0","1"
"05f1a5bde8b837c289f84409f3c5189938aaf581","gov.nasa.arc.mct.canvas.view.PanelInspector.<init>(Lgov/nasa/arc/mct/components/AbstractComponent;Lgov/nasa/arc/mct/services/component/ViewInfo;)V","0.802083","1","1","1","0.761905","0.764706","32","26","365.724","34.2794","41951.1","1207.34","199","71","2330.62","1223.8","78.7001","46.0234","37.9412","22.1878","1","0","0","0","2","0","0","0","0","0","30","38","27","2","34","42","28","0","0","0","0","0","0","0","0","0","0","0","0","0","0","0","0","0","0","0","0","0","0","0","0","0","0","0","0","0","0","0","0","0","0","0","0"
"2647bd2a458f849c0a32cff471cac536757323fe","gov.nasa.arc.mct.fastplot.bridge.PlotLimitManager.setupLimitButtons()V","0.816193","2","20","4","0.663934","0.682692","81","71","711.885","68.7375","439335","5779.15","927","119","24407.5","6391.5","45.8247","26.7981","10.0433","5.8733","19","4","2","2","2","0.0545455","6","2","0.0545455","6","104","122","84","0","104","122","84","0","0","0","0","0","0","0","0","0","0","0","0","0","0","0","0","0","0","0","0","0","0","0","0","0","0","0","0","0","0","0","0","0","0","0","1"
"05f1a5bde8b837c289f84409f3c5189938aaf581","gov.nasa.arc.mct.gui.housing.TestInspector.testLabelTransferHandler()V","0.862745","1","1","1","0.722222","0.692308","13","9","151.41","18.0714","8408.51","413.504","90","36","467.14","465.293","97.2759","56.8865","84.856","49.6234","1","0","0","0","0","0.0714286","1","1","0.0714286","1","13","18","10","0","13","18","10","0","0","0","1","0","0","0","0","0","0","0","0","0","0","0","0","0","0","0","0","0","0","0","0","0","0","0","0","0","0","0","0","1","0","0","0"
"f078397eabd1ec6054d434c73d65babc093fab9b","gov.nasa.arc.mct.fastplot.view.PlotSettingsControlPanel.getNonTimeMinValue()D","1","1","5","1","1","1","18","16","107.02","9.33333","3051.07","210.362","68","28","169.504","326.9","94.8279","55.4549","61.6159","36.0327","5","3","2","1","2","0","0","0","0","0","16","18","11","0","16","18","11","0","0","0","0","2","0","0","0","0","0","0","1","0","1","0","0","0","0","0","0","0","0","0","0","0","0","0","0","0","0","0","0","0","0","0","0"
"2a9d7ff637569850931df63fc186fb135b48c8e8","gov.nasa.arc.mct.fastplot.view.PlotSettingsControlPanel.getNonTimeMinValue()D","1","1","5","1","1","1","18","16","112.106","9.23077","3094.16","212.338","69","29","171.898","335.201","94.6975","55.3786","61.4278","35.9227","5","3","2","1","2","0","0","0","0","0","16","18","11","0","16","18","11","0","0","0","0","2","0","0","0","0","0","0","1","0","1","0","0","0","0","0","0","0","0","0","0","0","0","0","0","0","0","0","0","0","0","0","1"
"f078397eabd1ec6054d434c73d65babc093fab9b","gov.nasa.arc.mct.fastplot.view.PlotSettingsControlPanel.getNonTimeMaxValue()D","1","1","5","1","1","1","19","16","107.02","9.33333","3051.07","210.362","68","28","169.504","326.9","94.8279","55.4549","86.3035","50.4699","5","3","2","1","2","0.111111","2","1","0.111111","2","16","19","11","0","16","19","11","0","0","0","0","2","0","0","0","0","0","0","1","0","1","0","0","0","0","0","0","0","0","0","0","0","0","0","0","0","0","0","0","0","0","0","0"
"2a9d7ff637569850931df63fc186fb135b48c8e8","gov.nasa.arc.mct.fastplot.view.PlotSettingsControlPanel.getNonTimeMaxValue()D","1","1","5","1","1","1","19","16","112.106","9.23077","3094.16","212.338","69","29","171.898","335.201","94.6975","55.3786","86.1154","50.3599","5","3","2","1","2","0.111111","2","1","0.111111","2","16","19","11","0","16","19","11","0","0","0","0","2","0","0","0","0","0","0","1","0","1","0","0","0","0","0","0","0","0","0","0","0","0","0","0","0","0","0","0","0","0","0","1"
